Workbook

Sheet Van_Don
A1: Mã vận đơn | B1: Giá cước (VNĐ)
A2: FM00001 | B2: =IFERROR(VLOOKUP(A2,Bang_Gia_Cuoc!$A$2:$B$501,2,FALSE),"Không tìm thấy")
A3: FM00002 | B3: =IFERROR(VLOOKUP(A3,Bang_Gia_Cuoc!$A$2:$B$501,2,FALSE),"Không tìm thấy")
A4: FM00003 | B4: =IFERROR(VLOOKUP(A4,Bang_Gia_Cuoc!$A$2:$B$501,2,FALSE),"Không tìm thấy")
A5: FM00004 | B5: =IFERROR(VLOOKUP(A5,Bang_Gia_Cuoc!$A$2:$B$501,2,FALSE),"Không tìm thấy")
A6: FM00005 | B6: =IFERROR(VLOOKUP(A6,Bang_Gia_Cuoc!$A$2:$B$501,2,FALSE),"Không tìm thấy")
A7: FM00006 | B7: =IFERROR(VLOOKUP(A7,Bang_Gia_Cuoc!$A$2:$B$501,2,FALSE),"Không tìm thấy")
A8: FM00007 | B8: =IFERROR(VLOOKUP(A8,Bang_Gia_Cuoc!$A$2:$B$501,2,FALSE),"Không tìm thấy")
A9: FM00008 | B9: =IFERROR(VLOOKUP(A9,Bang_Gia_Cuoc!$A$2:$B$501,2,FALSE),"Không tìm thấy")
A10: FM00009 | B10: =IFERROR(VLOOKUP(A10,Bang_Gia_Cuoc!$A$2:$B$501,2,FALSE),"Không tìm thấy")
A11: FM00010 | B11: =IFERROR(VLOOKUP(A11,Bang_Gia_Cuoc!$A$2:$B$501,2,FALSE),"Không tìm thấy")
A12: FM00011 | B12: =IFERROR(VLOOKUP(A12,Bang_Gia_Cuoc!$A$2:$B$501,2,FALSE),"Không tìm thấy")
A13: FM00012 | B13: =IFERROR(VLOOKUP(A13,Bang_Gia_Cuoc!$A$2:$B$501,2,FALSE),"Không tìm thấy")
... A501: FM00500 | B501: =IFERROR(VLOOKUP(A501,Bang_Gia_Cuoc!$A$2:$B$501,2,FALSE),"Không tìm thấy")

Sheet Bang_Gia_Cuoc
A1: Mã vận đơn | B1: Giá cước (VNĐ)
A2: FM00001 | B2: 44000
A3: FM00002 | B3: 57500
A4: FM00003 | B4: 63000
A5: FM00004 | B5: 78500
A6: FM00005 | B6: 79000
A7: FM00006 | B7: 34500
A8: FM00007 | B8: 30000
A9: FM00008 | B9: 57500
A10: FM00009 | B10: 71000
A11: FM00010 | B11: 76500
A12: FM00011 | B12: 92000
A13: FM00012 | B13: 32500
... A501: FM00500 | B501: 61500
